,queryID,attribute_top_from_next,attribute_entropy,preds,score
0,305812,0.2609420202954665,0.022610314982841308,0.2618302043736462,True
1,1376194,0.9684712680763805,0.006031966072697554,0.9691832997945304,True
